<?xml version="1.0" encoding="UTF-8"?>
<export version="D">
  <design>
    <source>/home/mcmaster/buffer/yusuf/bpm-usb/wwavusbepp/KiCad/WWAVUSBEPP.sch</source>
    <date>Thu 25 Jul 2019 06:05:48 PM PDT</date>
    <tool>Eeschema 5.1.2-f72e74a~84~ubuntu16.04.1</tool>
    <sheet number="1" name="/" tstamps="/">
      <title_block>
        <title>WWAVUSBEPP</title>
        <company/>
        <rev>v01</rev>
        <date>2019-05-03</date>
        <source>WWAVUSBEPP.sch</source>
        <comment number="1" value=""/>
        <comment number="2" value=""/>
        <comment number="3" value=""/>
        <comment number="4" value="Author: Yusuf Mohsinally"/>
      </title_block>
    </sheet>
  </design>
  <components>
    <comp ref="C8">
      <value>100nF</value>
      <footprint>Capacitor_SMD:C_0805_2012Metric_Pad1.15x1.40mm_HandSolder</footprint>
      <datasheet>~</datasheet>
      <libsource lib="Device" part="C" description="Unpolarized capacitor"/>
      <sheetpath names="/" tstamps="/"/>
      <tstamp>5CCCA608</tstamp>
    </comp>
    <comp ref="C2">
      <value>100nF</value>
      <footprint>Capacitor_SMD:C_0805_2012Metric_Pad1.15x1.40mm_HandSolder</footprint>
      <datasheet>~</datasheet>
      <libsource lib="Device" part="C" description="Unpolarized capacitor"/>
      <sheetpath names="/" tstamps="/"/>
      <tstamp>5CCCA6A0</tstamp>
    </comp>
    <comp ref="U2">
      <value>LT1762-3.3</value>
      <footprint>Package_SO:MSOP-8_3x3mm_P0.65mm</footprint>
      <datasheet>https://www.analog.com/media/en/technical-documentation/data-sheets/LT1762.pdf</datasheet>
      <libsource lib="Regulator_Linear" part="LT1762-3.3" description="3.3V, 150mA, Low Noise, Micropower LDO Regulator, MSOP-8"/>
      <sheetpath names="/" tstamps="/"/>
      <tstamp>5CCCD1A2</tstamp>
    </comp>
    <comp ref="C1">
      <value>4.7nF</value>
      <footprint>Capacitor_SMD:C_0805_2012Metric_Pad1.15x1.40mm_HandSolder</footprint>
      <datasheet>~</datasheet>
      <libsource lib="Device" part="C" description="Unpolarized capacitor"/>
      <sheetpath names="/" tstamps="/"/>
      <tstamp>5CCCD91D</tstamp>
    </comp>
    <comp ref="J1">
      <value>USB_B</value>
      <footprint>Connector_USB:USB_B_OST_USB-B1HSxx_Horizontal</footprint>
      <datasheet> ~</datasheet>
      <libsource lib="Connector" part="USB_B" description="USB Type B connector"/>
      <sheetpath names="/" tstamps="/"/>
      <tstamp>5CCCEDD1</tstamp>
    </comp>
    <comp ref="J3">
      <value>Conn_01x06_Female</value>
      <footprint>Connector_PinHeader_2.54mm:PinHeader_2x03_P2.54mm_Vertical</footprint>
      <datasheet>~</datasheet>
      <libsource lib="Connector" part="Conn_01x06_Female" description="Generic connector, single row, 01x06, script generated (kicad-library-utils/schlib/autogen/connector/)"/>
      <sheetpath names="/" tstamps="/"/>
      <tstamp>5CCD3DB7</tstamp>
    </comp>
    <comp ref="J4">
      <value>Conn_01x04_Male</value>
      <footprint>Connector_Molex:Molex_KK-254_AE-6410-04A_1x04_P2.54mm_Vertical</footprint>
      <datasheet>~</datasheet>
      <libsource lib="Connector" part="Conn_01x04_Male" description="Generic connector, single row, 01x04, script generated (kicad-library-utils/schlib/autogen/connector/)"/>
      <sheetpath names="/" tstamps="/"/>
      <tstamp>5CCD477C</tstamp>
    </comp>
    <comp ref="C20">
      <value>10uF</value>
      <footprint>Capacitor_SMD:C_1206_3216Metric_Pad1.42x1.75mm_HandSolder</footprint>
      <datasheet>~</datasheet>
      <libsource lib="Device" part="CP1" description="Polarized capacitor, US symbol"/>
      <sheetpath names="/" tstamps="/"/>
      <tstamp>5CCE12A4</tstamp>
    </comp>
    <comp ref="R10">
      <value>1M</value>
      <footprint>Resistor_SMD:R_4020_10251Metric_Pad1.65x5.30mm_HandSolder</footprint>
      <datasheet>~</datasheet>
      <libsource lib="Device" part="R_US" description="Resistor, US symbol"/>
      <sheetpath names="/" tstamps="/"/>
      <tstamp>5CCE3F7A</tstamp>
    </comp>
    <comp ref="R6">
      <value>15.1k</value>
      <footprint>Resistor_SMD:R_0805_2012Metric_Pad1.15x1.40mm_HandSolder</footprint>
      <datasheet>~</datasheet>
      <libsource lib="Device" part="R_US" description="Resistor, US symbol"/>
      <sheetpath names="/" tstamps="/"/>
      <tstamp>5CCE5A2E</tstamp>
    </comp>
    <comp ref="R7">
      <value>5.1k</value>
      <footprint>Resistor_SMD:R_0805_2012Metric_Pad1.15x1.40mm_HandSolder</footprint>
      <datasheet>~</datasheet>
      <libsource lib="Device" part="R_US" description="Resistor, US symbol"/>
      <sheetpath names="/" tstamps="/"/>
      <tstamp>5CCE5B0A</tstamp>
    </comp>
    <comp ref="R26">
      <value>10k</value>
      <footprint>Resistor_SMD:R_0805_2012Metric_Pad1.15x1.40mm_HandSolder</footprint>
      <datasheet>~</datasheet>
      <libsource lib="Device" part="R_US" description="Resistor, US symbol"/>
      <sheetpath names="/" tstamps="/"/>
      <tstamp>5CD0D987</tstamp>
    </comp>
    <comp ref="C19">
      <value>100nF</value>
      <footprint>Capacitor_SMD:C_0805_2012Metric_Pad1.15x1.40mm_HandSolder</footprint>
      <datasheet>~</datasheet>
      <libsource lib="Device" part="C" description="Unpolarized capacitor"/>
      <sheetpath names="/" tstamps="/"/>
      <tstamp>5CD18C97</tstamp>
    </comp>
    <comp ref="C18">
      <value>100nF</value>
      <footprint>Capacitor_SMD:C_0805_2012Metric_Pad1.15x1.40mm_HandSolder</footprint>
      <datasheet>~</datasheet>
      <libsource lib="Device" part="C" description="Unpolarized capacitor"/>
      <sheetpath names="/" tstamps="/"/>
      <tstamp>5CD568CB</tstamp>
    </comp>
    <comp ref="R21">
      <value>10k</value>
      <footprint>Resistor_SMD:R_0805_2012Metric_Pad1.15x1.40mm_HandSolder</footprint>
      <datasheet>~</datasheet>
      <libsource lib="Device" part="R_US" description="Resistor, US symbol"/>
      <sheetpath names="/" tstamps="/"/>
      <tstamp>5CED3985</tstamp>
    </comp>
    <comp ref="R24">
      <value>10k</value>
      <footprint>Resistor_SMD:R_0805_2012Metric_Pad1.15x1.40mm_HandSolder</footprint>
      <datasheet>~</datasheet>
      <libsource lib="Device" part="R_US" description="Resistor, US symbol"/>
      <sheetpath names="/" tstamps="/"/>
      <tstamp>5CEE8F31</tstamp>
    </comp>
    <comp ref="U3">
      <value>NCP302LSN45T1G</value>
      <footprint>SOP95P275X110-5N:SOP95P275X110-5N</footprint>
      <datasheet>Voltage Detector Series with Programmable Delay and Complementary Output 4.5 V, Reset Low</datasheet>
      <fields>
        <field name="Field4">Unavailable</field>
        <field name="Field5">SOT-23-5 ON Semiconductor</field>
        <field name="Field6">ON Semiconductor</field>
        <field name="Field7">None</field>
        <field name="Field8">NCP302LSN45T1G</field>
      </fields>
      <libsource lib="WWAVUSBEPP-rescue" part="NCP302LSN45T1G-NCP302LSN45T1G" description=""/>
      <sheetpath names="/" tstamps="/"/>
      <tstamp>5CFBB540</tstamp>
    </comp>
    <comp ref="R25">
      <value>10k</value>
      <footprint>Resistor_SMD:R_0805_2012Metric_Pad1.15x1.40mm_HandSolder</footprint>
      <datasheet>~</datasheet>
      <libsource lib="Device" part="R_US" description="Resistor, US symbol"/>
      <sheetpath names="/" tstamps="/"/>
      <tstamp>5CEFA50F</tstamp>
    </comp>
    <comp ref="C4">
      <value>100nF</value>
      <footprint>Capacitor_SMD:C_0805_2012Metric_Pad1.15x1.40mm_HandSolder</footprint>
      <datasheet>~</datasheet>
      <libsource lib="Device" part="C" description="Unpolarized capacitor"/>
      <sheetpath names="/" tstamps="/"/>
      <tstamp>5CCC8BFA</tstamp>
    </comp>
    <comp ref="C3">
      <value>100nF</value>
      <footprint>Capacitor_SMD:C_0805_2012Metric_Pad1.15x1.40mm_HandSolder</footprint>
      <datasheet>~</datasheet>
      <libsource lib="Device" part="C" description="Unpolarized capacitor"/>
      <sheetpath names="/" tstamps="/"/>
      <tstamp>5D225BC2</tstamp>
    </comp>
    <comp ref="C12">
      <value>100nF</value>
      <footprint>Capacitor_SMD:C_0805_2012Metric_Pad1.15x1.40mm_HandSolder</footprint>
      <datasheet>~</datasheet>
      <libsource lib="Device" part="C" description="Unpolarized capacitor"/>
      <sheetpath names="/" tstamps="/"/>
      <tstamp>5CCCA714</tstamp>
    </comp>
    <comp ref="C9">
      <value>100nF</value>
      <footprint>Capacitor_SMD:C_0805_2012Metric_Pad1.15x1.40mm_HandSolder</footprint>
      <datasheet>~</datasheet>
      <libsource lib="Device" part="C" description="Unpolarized capacitor"/>
      <sheetpath names="/" tstamps="/"/>
      <tstamp>5D278F92</tstamp>
    </comp>
    <comp ref="U4">
      <value>FM24C64B</value>
      <footprint>Package_SO:SOIC-8_3.9x4.9mm_P1.27mm</footprint>
      <datasheet>http://www.cypress.com/file/41651/download</datasheet>
      <libsource lib="Memory_NVRAM" part="FM24C64B" description="64Kb serial FRAM nonvolatile Memory, SOIC-8"/>
      <sheetpath names="/" tstamps="/"/>
      <tstamp>5CCCB88A</tstamp>
    </comp>
    <comp ref="X1">
      <value>24Mhz</value>
      <footprint>Crystal:Crystal_SMD_7050-2Pin_7.0x5.0mm_HandSoldering</footprint>
      <datasheet>~</datasheet>
      <libsource lib="Device" part="Crystal" description="Two pin crystal"/>
      <sheetpath names="/" tstamps="/"/>
      <tstamp>5CCCBB49</tstamp>
    </comp>
    <comp ref="C13">
      <value>12pF</value>
      <footprint>Capacitor_SMD:C_0805_2012Metric_Pad1.15x1.40mm_HandSolder</footprint>
      <datasheet>~</datasheet>
      <libsource lib="Device" part="C" description="Unpolarized capacitor"/>
      <sheetpath names="/" tstamps="/"/>
      <tstamp>5CCCBCFC</tstamp>
    </comp>
    <comp ref="C17">
      <value>12pF</value>
      <footprint>Capacitor_SMD:C_0805_2012Metric_Pad1.15x1.40mm_HandSolder</footprint>
      <datasheet>~</datasheet>
      <libsource lib="Device" part="C" description="Unpolarized capacitor"/>
      <sheetpath names="/" tstamps="/"/>
      <tstamp>5CCCBE02</tstamp>
    </comp>
    <comp ref="C5">
      <value>100nF</value>
      <footprint>Capacitor_SMD:C_0805_2012Metric_Pad1.15x1.40mm_HandSolder</footprint>
      <datasheet>~</datasheet>
      <libsource lib="Device" part="C" description="Unpolarized capacitor"/>
      <sheetpath names="/" tstamps="/"/>
      <tstamp>5CCCA4D0</tstamp>
    </comp>
    <comp ref="C11">
      <value>2.2uF</value>
      <footprint>Capacitor_SMD:C_1206_3216Metric_Pad1.42x1.75mm_HandSolder</footprint>
      <datasheet>~</datasheet>
      <libsource lib="Device" part="CP1" description="Polarized capacitor, US symbol"/>
      <sheetpath names="/" tstamps="/"/>
      <tstamp>5CCFB8F2</tstamp>
    </comp>
    <comp ref="J2">
      <value>Conn_01x26_Female</value>
      <footprint>Connector_PinHeader_2.54mm:PinHeader_2x13_P2.54mm_Vertical</footprint>
      <datasheet>~</datasheet>
      <libsource lib="Connector" part="Conn_01x26_Female" description="Generic connector, single row, 01x26, script generated (kicad-library-utils/schlib/autogen/connector/)"/>
      <sheetpath names="/" tstamps="/"/>
      <tstamp>5CE86FCC</tstamp>
    </comp>
    <comp ref="R22">
      <value>2.2k</value>
      <footprint>Resistor_SMD:R_0805_2012Metric_Pad1.15x1.40mm_HandSolder</footprint>
      <datasheet>~</datasheet>
      <libsource lib="Device" part="R_US" description="Resistor, US symbol"/>
      <sheetpath names="/" tstamps="/"/>
      <tstamp>5CDC8BEF</tstamp>
    </comp>
    <comp ref="C15">
      <value>10uF</value>
      <footprint>Capacitor_SMD:C_1206_3216Metric_Pad1.42x1.75mm_HandSolder</footprint>
      <datasheet>~</datasheet>
      <libsource lib="Device" part="CP1" description="Polarized capacitor, US symbol"/>
      <sheetpath names="/" tstamps="/"/>
      <tstamp>5CED8617</tstamp>
    </comp>
    <comp ref="C16">
      <value>100nF</value>
      <footprint>Capacitor_SMD:C_0805_2012Metric_Pad1.15x1.40mm_HandSolder</footprint>
      <datasheet>~</datasheet>
      <libsource lib="Device" part="C" description="Unpolarized capacitor"/>
      <sheetpath names="/" tstamps="/"/>
      <tstamp>5CEF11DB</tstamp>
    </comp>
    <comp ref="R23">
      <value>2.2k</value>
      <footprint>Resistor_SMD:R_0805_2012Metric_Pad1.15x1.40mm_HandSolder</footprint>
      <datasheet>~</datasheet>
      <libsource lib="Device" part="R_US" description="Resistor, US symbol"/>
      <sheetpath names="/" tstamps="/"/>
      <tstamp>5CCF0129</tstamp>
    </comp>
    <comp ref="C14">
      <value>100nF</value>
      <footprint>Capacitor_SMD:C_0805_2012Metric_Pad1.15x1.40mm_HandSolder</footprint>
      <datasheet>~</datasheet>
      <libsource lib="Device" part="C" description="Unpolarized capacitor"/>
      <sheetpath names="/" tstamps="/"/>
      <tstamp>5CCDC712</tstamp>
    </comp>
    <comp ref="J5">
      <value>Conn_01x02_Male</value>
      <footprint>Connector_PinHeader_2.00mm:PinHeader_1x02_P2.00mm_Vertical</footprint>
      <datasheet>~</datasheet>
      <libsource lib="Connector" part="Conn_01x02_Male" description="Generic connector, single row, 01x02, script generated (kicad-library-utils/schlib/autogen/connector/)"/>
      <sheetpath names="/" tstamps="/"/>
      <tstamp>5CE7C320</tstamp>
    </comp>
    <comp ref="TP7">
      <value>TestPoint</value>
      <footprint>TestPoint:TestPoint_Pad_1.0x1.0mm</footprint>
      <datasheet>~</datasheet>
      <libsource lib="Connector" part="TestPoint" description="test point"/>
      <sheetpath names="/" tstamps="/"/>
      <tstamp>5CF4BE8C</tstamp>
    </comp>
    <comp ref="TP6">
      <value>TestPoint</value>
      <footprint>TestPoint:TestPoint_Pad_1.0x1.0mm</footprint>
      <datasheet>~</datasheet>
      <libsource lib="Connector" part="TestPoint" description="test point"/>
      <sheetpath names="/" tstamps="/"/>
      <tstamp>5CF4BFD8</tstamp>
    </comp>
    <comp ref="TP1">
      <value>TestPoint</value>
      <footprint>TestPoint:TestPoint_Pad_1.0x1.0mm</footprint>
      <datasheet>~</datasheet>
      <libsource lib="Connector" part="TestPoint" description="test point"/>
      <sheetpath names="/" tstamps="/"/>
      <tstamp>5CF5F1FD</tstamp>
    </comp>
    <comp ref="TP3">
      <value>TestPoint</value>
      <footprint>TestPoint:TestPoint_Pad_1.0x1.0mm</footprint>
      <datasheet>~</datasheet>
      <libsource lib="Connector" part="TestPoint" description="test point"/>
      <sheetpath names="/" tstamps="/"/>
      <tstamp>5CF68AF6</tstamp>
    </comp>
    <comp ref="TP5">
      <value>TestPoint</value>
      <footprint>TestPoint:TestPoint_Pad_1.0x1.0mm</footprint>
      <datasheet>~</datasheet>
      <libsource lib="Connector" part="TestPoint" description="test point"/>
      <sheetpath names="/" tstamps="/"/>
      <tstamp>5CF7BE2D</tstamp>
    </comp>
    <comp ref="TP2">
      <value>TestPoint</value>
      <footprint>TestPoint:TestPoint_Pad_1.0x1.0mm</footprint>
      <datasheet>~</datasheet>
      <libsource lib="Connector" part="TestPoint" description="test point"/>
      <sheetpath names="/" tstamps="/"/>
      <tstamp>5CF7BFA7</tstamp>
    </comp>
    <comp ref="TP4">
      <value>TestPoint</value>
      <footprint>TestPoint:TestPoint_Pad_1.0x1.0mm</footprint>
      <datasheet>~</datasheet>
      <libsource lib="Connector" part="TestPoint" description="test point"/>
      <sheetpath names="/" tstamps="/"/>
      <tstamp>5CF7C15A</tstamp>
    </comp>
    <comp ref="TP8">
      <value>TestPoint</value>
      <footprint>TestPoint:TestPoint_Pad_1.0x1.0mm</footprint>
      <datasheet>~</datasheet>
      <libsource lib="Connector" part="TestPoint" description="test point"/>
      <sheetpath names="/" tstamps="/"/>
      <tstamp>5CF86A7C</tstamp>
    </comp>
    <comp ref="TP31">
      <value>TestPoint</value>
      <footprint>TestPoint:TestPoint_Pad_1.0x1.0mm</footprint>
      <datasheet>~</datasheet>
      <libsource lib="Connector" part="TestPoint" description="test point"/>
      <sheetpath names="/" tstamps="/"/>
      <tstamp>5CFC2980</tstamp>
    </comp>
    <comp ref="TP30">
      <value>TestPoint</value>
      <footprint>TestPoint:TestPoint_Pad_1.0x1.0mm</footprint>
      <datasheet>~</datasheet>
      <libsource lib="Connector" part="TestPoint" description="test point"/>
      <sheetpath names="/" tstamps="/"/>
      <tstamp>5CFC2B20</tstamp>
    </comp>
    <comp ref="TP36">
      <value>TestPoint</value>
      <footprint>TestPoint:TestPoint_Pad_1.0x1.0mm</footprint>
      <datasheet>~</datasheet>
      <libsource lib="Connector" part="TestPoint" description="test point"/>
      <sheetpath names="/" tstamps="/"/>
      <tstamp>5CFC2C38</tstamp>
    </comp>
    <comp ref="TP34">
      <value>TestPoint</value>
      <footprint>TestPoint:TestPoint_Pad_1.0x1.0mm</footprint>
      <datasheet>~</datasheet>
      <libsource lib="Connector" part="TestPoint" description="test point"/>
      <sheetpath names="/" tstamps="/"/>
      <tstamp>5CFCCC6E</tstamp>
    </comp>
    <comp ref="TP33">
      <value>TestPoint</value>
      <footprint>TestPoint:TestPoint_Pad_1.0x1.0mm</footprint>
      <datasheet>~</datasheet>
      <libsource lib="Connector" part="TestPoint" description="test point"/>
      <sheetpath names="/" tstamps="/"/>
      <tstamp>5CFE19A7</tstamp>
    </comp>
    <comp ref="TP32">
      <value>TestPoint</value>
      <footprint>TestPoint:TestPoint_Pad_1.0x1.0mm</footprint>
      <datasheet>~</datasheet>
      <libsource lib="Connector" part="TestPoint" description="test point"/>
      <sheetpath names="/" tstamps="/"/>
      <tstamp>5CFE1A57</tstamp>
    </comp>
    <comp ref="TP35">
      <value>TestPoint</value>
      <footprint>TestPoint:TestPoint_Pad_1.0x1.0mm</footprint>
      <datasheet>~</datasheet>
      <libsource lib="Connector" part="TestPoint" description="test point"/>
      <sheetpath names="/" tstamps="/"/>
      <tstamp>5CFE1C3E</tstamp>
    </comp>
    <comp ref="TP12">
      <value>TestPoint</value>
      <footprint>TestPoint:TestPoint_Pad_1.0x1.0mm</footprint>
      <datasheet>~</datasheet>
      <libsource lib="Connector" part="TestPoint" description="test point"/>
      <sheetpath names="/" tstamps="/"/>
      <tstamp>5CFECCEC</tstamp>
    </comp>
    <comp ref="TP13">
      <value>TestPoint</value>
      <footprint>TestPoint:TestPoint_Pad_1.0x1.0mm</footprint>
      <datasheet>~</datasheet>
      <libsource lib="Connector" part="TestPoint" description="test point"/>
      <sheetpath names="/" tstamps="/"/>
      <tstamp>5CFECD80</tstamp>
    </comp>
    <comp ref="TP14">
      <value>TestPoint</value>
      <footprint>TestPoint:TestPoint_Pad_1.0x1.0mm</footprint>
      <datasheet>~</datasheet>
      <libsource lib="Connector" part="TestPoint" description="test point"/>
      <sheetpath names="/" tstamps="/"/>
      <tstamp>5CFECE44</tstamp>
    </comp>
    <comp ref="TP15">
      <value>TestPoint</value>
      <footprint>TestPoint:TestPoint_Pad_1.0x1.0mm</footprint>
      <datasheet>~</datasheet>
      <libsource lib="Connector" part="TestPoint" description="test point"/>
      <sheetpath names="/" tstamps="/"/>
      <tstamp>5CFECEDC</tstamp>
    </comp>
    <comp ref="TP26">
      <value>TestPoint</value>
      <footprint>TestPoint:TestPoint_Pad_1.0x1.0mm</footprint>
      <datasheet>~</datasheet>
      <libsource lib="Connector" part="TestPoint" description="test point"/>
      <sheetpath names="/" tstamps="/"/>
      <tstamp>5CFED762</tstamp>
    </comp>
    <comp ref="TP27">
      <value>TestPoint</value>
      <footprint>TestPoint:TestPoint_Pad_1.0x1.0mm</footprint>
      <datasheet>~</datasheet>
      <libsource lib="Connector" part="TestPoint" description="test point"/>
      <sheetpath names="/" tstamps="/"/>
      <tstamp>5CFEDBA0</tstamp>
    </comp>
    <comp ref="TP28">
      <value>TestPoint</value>
      <footprint>TestPoint:TestPoint_Pad_1.0x1.0mm</footprint>
      <datasheet>~</datasheet>
      <libsource lib="Connector" part="TestPoint" description="test point"/>
      <sheetpath names="/" tstamps="/"/>
      <tstamp>5CFEDCBE</tstamp>
    </comp>
    <comp ref="TP29">
      <value>TestPoint</value>
      <footprint>TestPoint:TestPoint_Pad_1.0x1.0mm</footprint>
      <datasheet>~</datasheet>
      <libsource lib="Connector" part="TestPoint" description="test point"/>
      <sheetpath names="/" tstamps="/"/>
      <tstamp>5CFEE0B3</tstamp>
    </comp>
    <comp ref="U1">
      <value>CY7C68013-56LFC</value>
      <footprint>Package_DFN_QFN:Cypress_QFN-56-1EP_8x8mm_P0.5mm_EP6.22x6.22mm_ThermalVias</footprint>
      <libsource lib="WWAVUSBEPP-rescue" part="CY7C68013-56LFC-Cypress_CY7C6801356LFC" description=""/>
      <sheetpath names="/" tstamps="/"/>
      <tstamp>5CD043B8</tstamp>
    </comp>
    <comp ref="TP11">
      <value>TestPoint</value>
      <footprint>TestPoint:TestPoint_Pad_1.0x1.0mm</footprint>
      <datasheet>~</datasheet>
      <libsource lib="Connector" part="TestPoint" description="test point"/>
      <sheetpath names="/" tstamps="/"/>
      <tstamp>5CFECB54</tstamp>
    </comp>
    <comp ref="TP10">
      <value>TestPoint</value>
      <footprint>TestPoint:TestPoint_Pad_1.0x1.0mm</footprint>
      <datasheet>~</datasheet>
      <libsource lib="Connector" part="TestPoint" description="test point"/>
      <sheetpath names="/" tstamps="/"/>
      <tstamp>5CFEC976</tstamp>
    </comp>
    <comp ref="TP9">
      <value>TestPoint</value>
      <footprint>TestPoint:TestPoint_Pad_1.0x1.0mm</footprint>
      <datasheet>~</datasheet>
      <libsource lib="Connector" part="TestPoint" description="test point"/>
      <sheetpath names="/" tstamps="/"/>
      <tstamp>5CFEC6FC</tstamp>
    </comp>
    <comp ref="TP16">
      <value>TestPoint</value>
      <footprint>TestPoint:TestPoint_Pad_1.0x1.0mm</footprint>
      <datasheet>~</datasheet>
      <libsource lib="Connector" part="TestPoint" description="test point"/>
      <sheetpath names="/" tstamps="/"/>
      <tstamp>5CF861B3</tstamp>
    </comp>
    <comp ref="TP17">
      <value>TestPoint</value>
      <footprint>TestPoint:TestPoint_Pad_1.0x1.0mm</footprint>
      <datasheet>~</datasheet>
      <libsource lib="Connector" part="TestPoint" description="test point"/>
      <sheetpath names="/" tstamps="/"/>
      <tstamp>5CF86052</tstamp>
    </comp>
    <comp ref="TP18">
      <value>TestPoint</value>
      <footprint>TestPoint:TestPoint_Pad_1.0x1.0mm</footprint>
      <datasheet>~</datasheet>
      <libsource lib="Connector" part="TestPoint" description="test point"/>
      <sheetpath names="/" tstamps="/"/>
      <tstamp>5CF85EE6</tstamp>
    </comp>
    <comp ref="TP25">
      <value>TestPoint</value>
      <footprint>TestPoint:TestPoint_Pad_1.0x1.0mm</footprint>
      <datasheet>~</datasheet>
      <libsource lib="Connector" part="TestPoint" description="test point"/>
      <sheetpath names="/" tstamps="/"/>
      <tstamp>5CFED65A</tstamp>
    </comp>
    <comp ref="TP24">
      <value>TestPoint</value>
      <footprint>TestPoint:TestPoint_Pad_1.0x1.0mm</footprint>
      <datasheet>~</datasheet>
      <libsource lib="Connector" part="TestPoint" description="test point"/>
      <sheetpath names="/" tstamps="/"/>
      <tstamp>5CFED3AE</tstamp>
    </comp>
    <comp ref="TP23">
      <value>TestPoint</value>
      <footprint>TestPoint:TestPoint_Pad_1.0x1.0mm</footprint>
      <datasheet>~</datasheet>
      <libsource lib="Connector" part="TestPoint" description="test point"/>
      <sheetpath names="/" tstamps="/"/>
      <tstamp>5CFEC2E9</tstamp>
    </comp>
    <comp ref="TP22">
      <value>TestPoint</value>
      <footprint>TestPoint:TestPoint_Pad_1.0x1.0mm</footprint>
      <datasheet>~</datasheet>
      <libsource lib="Connector" part="TestPoint" description="test point"/>
      <sheetpath names="/" tstamps="/"/>
      <tstamp>5CFEC241</tstamp>
    </comp>
    <comp ref="TP21">
      <value>TestPoint</value>
      <footprint>TestPoint:TestPoint_Pad_1.0x1.0mm</footprint>
      <datasheet>~</datasheet>
      <libsource lib="Connector" part="TestPoint" description="test point"/>
      <sheetpath names="/" tstamps="/"/>
      <tstamp>5CFE1736</tstamp>
    </comp>
    <comp ref="TP20">
      <value>TestPoint</value>
      <footprint>TestPoint:TestPoint_Pad_1.0x1.0mm</footprint>
      <datasheet>~</datasheet>
      <libsource lib="Connector" part="TestPoint" description="test point"/>
      <sheetpath names="/" tstamps="/"/>
      <tstamp>5CFE15D8</tstamp>
    </comp>
    <comp ref="TP19">
      <value>TestPoint</value>
      <footprint>TestPoint:TestPoint_Pad_1.0x1.0mm</footprint>
      <datasheet>~</datasheet>
      <libsource lib="Connector" part="TestPoint" description="test point"/>
      <sheetpath names="/" tstamps="/"/>
      <tstamp>5CFE1428</tstamp>
    </comp>
  </components>
  <libparts>
    <libpart lib="Connector" part="Conn_01x02_Male">
      <description>Generic connector, single row, 01x02, script generated (kicad-library-utils/schlib/autogen/connector/)</description>
      <docs>~</docs>
      <footprints>
        <fp>Connector*:*_1x??_*</fp>
      </footprints>
      <fields>
        <field name="Reference">J</field>
        <field name="Value">Conn_01x02_Male</field>
      </fields>
      <pins>
        <pin num="1" name="Pin_1" type="passive"/>
        <pin num="2" name="Pin_2" type="passive"/>
      </pins>
    </libpart>
    <libpart lib="Connector" part="Conn_01x04_Male">
      <description>Generic connector, single row, 01x04, script generated (kicad-library-utils/schlib/autogen/connector/)</description>
      <docs>~</docs>
      <footprints>
        <fp>Connector*:*_1x??_*</fp>
      </footprints>
      <fields>
        <field name="Reference">J</field>
        <field name="Value">Conn_01x04_Male</field>
      </fields>
      <pins>
        <pin num="1" name="Pin_1" type="passive"/>
        <pin num="2" name="Pin_2" type="passive"/>
        <pin num="3" name="Pin_3" type="passive"/>
        <pin num="4" name="Pin_4" type="passive"/>
      </pins>
    </libpart>
    <libpart lib="Connector" part="Conn_01x06_Female">
      <description>Generic connector, single row, 01x06, script generated (kicad-library-utils/schlib/autogen/connector/)</description>
      <docs>~</docs>
      <footprints>
        <fp>Connector*:*_1x??_*</fp>
      </footprints>
      <fields>
        <field name="Reference">J</field>
        <field name="Value">Conn_01x06_Female</field>
      </fields>
      <pins>
        <pin num="1" name="Pin_1" type="passive"/>
        <pin num="2" name="Pin_2" type="passive"/>
        <pin num="3" name="Pin_3" type="passive"/>
        <pin num="4" name="Pin_4" type="passive"/>
        <pin num="5" name="Pin_5" type="passive"/>
        <pin num="6" name="Pin_6" type="passive"/>
      </pins>
    </libpart>
    <libpart lib="Connector" part="Conn_01x26_Female">
      <description>Generic connector, single row, 01x26, script generated (kicad-library-utils/schlib/autogen/connector/)</description>
      <docs>~</docs>
      <footprints>
        <fp>Connector*:*_1x??_*</fp>
      </footprints>
      <fields>
        <field name="Reference">J</field>
        <field name="Value">Conn_01x26_Female</field>
      </fields>
      <pins>
        <pin num="1" name="Pin_1" type="passive"/>
        <pin num="2" name="Pin_2" type="passive"/>
        <pin num="3" name="Pin_3" type="passive"/>
        <pin num="4" name="Pin_4" type="passive"/>
        <pin num="5" name="Pin_5" type="passive"/>
        <pin num="6" name="Pin_6" type="passive"/>
        <pin num="7" name="Pin_7" type="passive"/>
        <pin num="8" name="Pin_8" type="passive"/>
        <pin num="9" name="Pin_9" type="passive"/>
        <pin num="10" name="Pin_10" type="passive"/>
        <pin num="11" name="Pin_11" type="passive"/>
        <pin num="12" name="Pin_12" type="passive"/>
        <pin num="13" name="Pin_13" type="passive"/>
        <pin num="14" name="Pin_14" type="passive"/>
        <pin num="15" name="Pin_15" type="passive"/>
        <pin num="16" name="Pin_16" type="passive"/>
        <pin num="17" name="Pin_17" type="passive"/>
        <pin num="18" name="Pin_18" type="passive"/>
        <pin num="19" name="Pin_19" type="passive"/>
        <pin num="20" name="Pin_20" type="passive"/>
        <pin num="21" name="Pin_21" type="passive"/>
        <pin num="22" name="Pin_22" type="passive"/>
        <pin num="23" name="Pin_23" type="passive"/>
        <pin num="24" name="Pin_24" type="passive"/>
        <pin num="25" name="Pin_25" type="passive"/>
        <pin num="26" name="Pin_26" type="passive"/>
      </pins>
    </libpart>
    <libpart lib="Connector" part="TestPoint">
      <description>test point</description>
      <docs>~</docs>
      <footprints>
        <fp>Pin*</fp>
        <fp>Test*</fp>
      </footprints>
      <fields>
        <field name="Reference">TP</field>
        <field name="Value">TestPoint</field>
      </fields>
      <pins>
        <pin num="1" name="1" type="passive"/>
      </pins>
    </libpart>
    <libpart lib="Connector" part="USB_B">
      <description>USB Type B connector</description>
      <docs> ~</docs>
      <footprints>
        <fp>USB*</fp>
      </footprints>
      <fields>
        <field name="Reference">J</field>
        <field name="Value">USB_B</field>
      </fields>
      <pins>
        <pin num="1" name="VBUS" type="power_out"/>
        <pin num="2" name="D-" type="passive"/>
        <pin num="3" name="D+" type="passive"/>
        <pin num="4" name="GND" type="power_out"/>
        <pin num="5" name="Shield" type="passive"/>
      </pins>
    </libpart>
    <libpart lib="Device" part="C">
      <description>Unpolarized capacitor</description>
      <docs>~</docs>
      <footprints>
        <fp>C_*</fp>
      </footprints>
      <fields>
        <field name="Reference">C</field>
        <field name="Value">C</field>
      </fields>
      <pins>
        <pin num="1" name="~" type="passive"/>
        <pin num="2" name="~" type="passive"/>
      </pins>
    </libpart>
    <libpart lib="Device" part="CP1">
      <description>Polarized capacitor, US symbol</description>
      <docs>~</docs>
      <footprints>
        <fp>CP_*</fp>
      </footprints>
      <fields>
        <field name="Reference">C</field>
        <field name="Value">CP1</field>
      </fields>
      <pins>
        <pin num="1" name="~" type="passive"/>
        <pin num="2" name="~" type="passive"/>
      </pins>
    </libpart>
    <libpart lib="Device" part="Crystal">
      <description>Two pin crystal</description>
      <docs>~</docs>
      <footprints>
        <fp>Crystal*</fp>
      </footprints>
      <fields>
        <field name="Reference">Y</field>
        <field name="Value">Crystal</field>
      </fields>
      <pins>
        <pin num="1" name="1" type="passive"/>
        <pin num="2" name="2" type="passive"/>
      </pins>
    </libpart>
    <libpart lib="Device" part="R_US">
      <description>Resistor, US symbol</description>
      <docs>~</docs>
      <footprints>
        <fp>R_*</fp>
      </footprints>
      <fields>
        <field name="Reference">R</field>
        <field name="Value">R_US</field>
      </fields>
      <pins>
        <pin num="1" name="~" type="passive"/>
        <pin num="2" name="~" type="passive"/>
      </pins>
    </libpart>
    <libpart lib="Memory_NVRAM" part="FM24C64B">
      <aliases>
        <alias>FM24C64C</alias>
      </aliases>
      <description>64Kb serial FRAM nonvolatile Memory, SOIC-8</description>
      <docs>http://www.cypress.com/file/41651/download</docs>
      <footprints>
        <fp>SOIC*3.9x4.9mm*P1.27mm*</fp>
      </footprints>
      <fields>
        <field name="Reference">U</field>
        <field name="Value">FM24C64B</field>
        <field name="Footprint">Package_SO:SOIC-8_3.9x4.9mm_P1.27mm</field>
      </fields>
      <pins>
        <pin num="1" name="A0" type="input"/>
        <pin num="2" name="A1" type="input"/>
        <pin num="3" name="A2" type="input"/>
        <pin num="4" name="VSS" type="power_in"/>
        <pin num="5" name="SDA" type="BiDi"/>
        <pin num="6" name="SCL" type="input"/>
        <pin num="7" name="WP" type="input"/>
        <pin num="8" name="VDD" type="power_in"/>
      </pins>
    </libpart>
    <libpart lib="Regulator_Linear" part="LT1962-5">
      <aliases>
        <alias>LT1962-3.3</alias>
        <alias>LT1962-3</alias>
        <alias>LT1962-2.5</alias>
        <alias>LT1962-1.8</alias>
        <alias>LT1962-1.5</alias>
        <alias>LT1762-5</alias>
        <alias>LT1762-3.3</alias>
        <alias>LT1762-3</alias>
        <alias>LT1762-2.5</alias>
      </aliases>
      <description>5.0V, 300mA, Low Noise, Micropower LDO Regulator, MSOP-8</description>
      <docs>https://www.analog.com/media/en/technical-documentation/data-sheets/1962fb.pdf</docs>
      <footprints>
        <fp>MSOP*3x3mm*P0.65mm*</fp>
      </footprints>
      <fields>
        <field name="Reference">U</field>
        <field name="Value">LT1962-5</field>
        <field name="Footprint">Package_SO:MSOP-8_3x3mm_P0.65mm</field>
      </fields>
      <pins>
        <pin num="1" name="OUT" type="power_out"/>
        <pin num="2" name="SENSE" type="input"/>
        <pin num="3" name="BYP" type="passive"/>
        <pin num="4" name="GND" type="power_in"/>
        <pin num="5" name="~SHDN" type="input"/>
        <pin num="6" name="NC" type="NotConnected"/>
        <pin num="7" name="NC" type="NotConnected"/>
        <pin num="8" name="IN" type="power_in"/>
      </pins>
    </libpart>
    <libpart lib="WWAVUSBEPP-rescue" part="CY7C68013-56LFC-Cypress_CY7C6801356LFC">
      <footprints>
        <fp>QFN-56</fp>
        <fp>QFN-56-M</fp>
        <fp>QFN-56-L</fp>
      </footprints>
      <fields>
        <field name="Reference">U</field>
        <field name="Value">CY7C68013-56LFC-Cypress_CY7C6801356LFC</field>
        <field name="Footprint">QFN-56</field>
      </fields>
      <pins>
        <pin num="1" name="RDY0/SLRD" type="input"/>
        <pin num="2" name="RDY1/SLWR" type="input"/>
        <pin num="3" name="AVCC" type="power_in"/>
        <pin num="4" name="XTALOUT" type="output"/>
        <pin num="5" name="XTALIN" type="input"/>
        <pin num="6" name="AGND" type="power_in"/>
        <pin num="7" name="VCC" type="power_in"/>
        <pin num="8" name="DPLUS" type="BiDi"/>
        <pin num="9" name="DMINUS" type="BiDi"/>
        <pin num="10" name="GND" type="power_in"/>
        <pin num="11" name="VCC" type="power_in"/>
        <pin num="12" name="GND" type="power_in"/>
        <pin num="13" name="IFCLK" type="BiDi"/>
        <pin num="14" name="RESERVED" type="unspc"/>
        <pin num="15" name="SCL" type="output"/>
        <pin num="16" name="SDA" type="output"/>
        <pin num="17" name="VCC" type="power_in"/>
        <pin num="18" name="PB0/FD0" type="BiDi"/>
        <pin num="19" name="PB1/FD1" type="BiDi"/>
        <pin num="20" name="PB2/FD2" type="BiDi"/>
        <pin num="21" name="PB3/FD3" type="BiDi"/>
        <pin num="22" name="PB4/FD4" type="BiDi"/>
        <pin num="23" name="PB5/FD5" type="BiDi"/>
        <pin num="24" name="PB6/FD6" type="BiDi"/>
        <pin num="25" name="PB7/FD7" type="BiDi"/>
        <pin num="26" name="GND" type="power_in"/>
        <pin num="27" name="VCC" type="power_in"/>
        <pin num="28" name="GND" type="power_in"/>
        <pin num="29" name="CTL0/FLAGA" type="output"/>
        <pin num="30" name="CTL1/FLAGB" type="output"/>
        <pin num="31" name="CTL2/FLAGC" type="output"/>
        <pin num="32" name="VCC" type="power_in"/>
        <pin num="33" name="PA0/*INT0" type="BiDi"/>
        <pin num="34" name="PA1/*INT1" type="BiDi"/>
        <pin num="35" name="PA2/SLOE" type="BiDi"/>
        <pin num="36" name="PA3/WU2" type="BiDi"/>
        <pin num="37" name="PA4/FIFOADR0" type="BiDi"/>
        <pin num="38" name="PA5/FIFOADR1" type="BiDi"/>
        <pin num="39" name="PA6/PKTEND" type="BiDi"/>
        <pin num="40" name="PA7/FLAGD/*SLCS" type="BiDi"/>
        <pin num="41" name="GND" type="power_in"/>
        <pin num="42" name="*RESET" type="input"/>
        <pin num="43" name="VCC" type="power_in"/>
        <pin num="44" name="WAKEUP" type="input"/>
        <pin num="45" name="PD0/FD8" type="BiDi"/>
        <pin num="46" name="PD1/FD9" type="BiDi"/>
        <pin num="47" name="PD2/FD10" type="BiDi"/>
        <pin num="48" name="PD3/FD11" type="BiDi"/>
        <pin num="49" name="PD4/FD12" type="BiDi"/>
        <pin num="50" name="PD5/FD13" type="BiDi"/>
        <pin num="51" name="PD6/FD14" type="BiDi"/>
        <pin num="52" name="PD7/FD15" type="BiDi"/>
        <pin num="53" name="GND" type="power_in"/>
        <pin num="54" name="CLKOUT" type="output"/>
        <pin num="55" name="VCC" type="power_in"/>
        <pin num="56" name="GND" type="power_in"/>
        <pin num="57" name="57" type="unspc"/>
      </pins>
    </libpart>
    <libpart lib="WWAVUSBEPP-rescue" part="NCP302LSN45T1G-NCP302LSN45T1G">
      <fields>
        <field name="Reference">U</field>
        <field name="Value">NCP302LSN45T1G-NCP302LSN45T1G</field>
        <field name="Footprint">SOT95P275X110-5N</field>
        <field name="Datasheet">Voltage Detector Series with Programmable Delay and Complementary Output 4.5 V, Reset Low</field>
        <field name="Field4">Unavailable</field>
        <field name="Field5">SOT-23-5 ON Semiconductor</field>
        <field name="Field6">ON Semiconductor</field>
        <field name="Field7">None</field>
        <field name="Field8">NCP302LSN45T1G</field>
      </fields>
      <pins>
        <pin num="1" name="RESET_OUT" type="output"/>
        <pin num="2" name="IN" type="power_in"/>
        <pin num="3" name="GND" type="passive"/>
        <pin num="4" name="N.C." type="NotConnected"/>
        <pin num="5" name="CD" type="input"/>
      </pins>
    </libpart>
  </libparts>
  <libraries>
    <library logical="Connector">
      <uri>/usr/share/kicad/library/Connector.lib</uri>
    </library>
    <library logical="Device">
      <uri>/usr/share/kicad/library/Device.lib</uri>
    </library>
    <library logical="Memory_NVRAM">
      <uri>/usr/share/kicad/library/Memory_NVRAM.lib</uri>
    </library>
    <library logical="Regulator_Linear">
      <uri>/usr/share/kicad/library/Regulator_Linear.lib</uri>
    </library>
    <library logical="WWAVUSBEPP-rescue">
      <uri>/home/mcmaster/buffer/yusuf/bpm-usb/wwavusbepp/KiCad/WWAVUSBEPP-rescue.lib</uri>
    </library>
  </libraries>
  <nets>
    <net code="1" name="+3V3">
      <node ref="C11" pin="1"/>
      <node ref="TP35" pin="1"/>
      <node ref="TP34" pin="1"/>
      <node ref="TP36" pin="1"/>
      <node ref="U1" pin="11"/>
      <node ref="U1" pin="32"/>
      <node ref="U3" pin="2"/>
      <node ref="TP6" pin="1"/>
      <node ref="R24" pin="1"/>
      <node ref="C5" pin="1"/>
      <node ref="TP5" pin="1"/>
      <node ref="C8" pin="2"/>
      <node ref="C2" pin="2"/>
      <node ref="TP2" pin="1"/>
      <node ref="C3" pin="2"/>
      <node ref="C9" pin="2"/>
      <node ref="TP3" pin="1"/>
      <node ref="TP4" pin="1"/>
      <node ref="U1" pin="55"/>
      <node ref="U1" pin="7"/>
      <node ref="U1" pin="43"/>
      <node ref="U1" pin="17"/>
      <node ref="C4" pin="1"/>
      <node ref="C12" pin="2"/>
      <node ref="U1" pin="27"/>
      <node ref="U1" pin="3"/>
      <node ref="U2" pin="2"/>
      <node ref="C15" pin="1"/>
      <node ref="C16" pin="2"/>
      <node ref="R25" pin="1"/>
      <node ref="R23" pin="1"/>
      <node ref="R21" pin="1"/>
      <node ref="R26" pin="2"/>
      <node ref="C14" pin="2"/>
      <node ref="C19" pin="1"/>
      <node ref="U2" pin="1"/>
      <node ref="U4" pin="8"/>
      <node ref="U4" pin="1"/>
      <node ref="R22" pin="1"/>
    </net>
    <net code="2" name="Earth">
      <node ref="TP31" pin="1"/>
      <node ref="TP1" pin="1"/>
      <node ref="C4" pin="2"/>
      <node ref="C9" pin="1"/>
      <node ref="C18" pin="2"/>
      <node ref="C20" pin="2"/>
      <node ref="TP30" pin="1"/>
      <node ref="R7" pin="1"/>
      <node ref="R10" pin="1"/>
      <node ref="U1" pin="10"/>
      <node ref="U4" pin="2"/>
      <node ref="U4" pin="7"/>
      <node ref="U4" pin="4"/>
      <node ref="U4" pin="3"/>
      <node ref="C15" pin="2"/>
      <node ref="C13" pin="2"/>
      <node ref="C11" pin="2"/>
      <node ref="C5" pin="2"/>
      <node ref="C14" pin="1"/>
      <node ref="J2" pin="22"/>
      <node ref="J2" pin="26"/>
      <node ref="J2" pin="24"/>
      <node ref="C8" pin="1"/>
      <node ref="J2" pin="20"/>
      <node ref="C16" pin="1"/>
      <node ref="U1" pin="57"/>
      <node ref="J2" pin="18"/>
      <node ref="J2" pin="16"/>
      <node ref="J2" pin="14"/>
      <node ref="J2" pin="12"/>
      <node ref="J2" pin="10"/>
      <node ref="C17" pin="2"/>
      <node ref="U3" pin="3"/>
      <node ref="U1" pin="6"/>
      <node ref="U1" pin="41"/>
      <node ref="U2" pin="4"/>
      <node ref="C3" pin="1"/>
      <node ref="C2" pin="1"/>
      <node ref="U1" pin="14"/>
      <node ref="C1" pin="1"/>
      <node ref="J4" pin="2"/>
      <node ref="C12" pin="1"/>
      <node ref="U1" pin="26"/>
      <node ref="U1" pin="28"/>
      <node ref="U1" pin="12"/>
      <node ref="U1" pin="53"/>
      <node ref="U1" pin="56"/>
    </net>
    <net code="3" name="XTALIN">
      <node ref="TP17" pin="1"/>
      <node ref="U1" pin="5"/>
      <node ref="C13" pin="1"/>
      <node ref="X1" pin="1"/>
    </net>
    <net code="4" name="XTALOUT">
      <node ref="C17" pin="1"/>
      <node ref="X1" pin="2"/>
      <node ref="TP29" pin="1"/>
      <node ref="U1" pin="4"/>
    </net>
    <net code="5" name="Net-(U1-Pad36)">
      <node ref="U1" pin="36"/>
    </net>
    <net code="6" name="Net-(U1-Pad37)">
      <node ref="U1" pin="37"/>
    </net>
    <net code="7" name="Net-(U1-Pad39)">
      <node ref="U1" pin="39"/>
    </net>
    <net code="8" name="Net-(U1-Pad40)">
      <node ref="U1" pin="40"/>
    </net>
    <net code="9" name="Net-(U1-Pad45)">
      <node ref="U1" pin="45"/>
    </net>
    <net code="10" name="Net-(U1-Pad46)">
      <node ref="U1" pin="46"/>
    </net>
    <net code="11" name="Net-(U1-Pad47)">
      <node ref="U1" pin="47"/>
    </net>
    <net code="12" name="Net-(U1-Pad48)">
      <node ref="U1" pin="48"/>
    </net>
    <net code="13" name="Net-(U1-Pad13)">
      <node ref="U1" pin="13"/>
    </net>
    <net code="14" name="Net-(U1-Pad49)">
      <node ref="U1" pin="49"/>
    </net>
    <net code="15" name="U3_R">
      <node ref="U3" pin="1"/>
      <node ref="U1" pin="42"/>
      <node ref="TP16" pin="1"/>
    </net>
    <net code="16" name="23">
      <node ref="J2" pin="23"/>
      <node ref="TP18" pin="1"/>
      <node ref="U1" pin="2"/>
    </net>
    <net code="17" name="SDA">
      <node ref="R23" pin="2"/>
      <node ref="U4" pin="5"/>
      <node ref="U1" pin="16"/>
      <node ref="TP25" pin="1"/>
    </net>
    <net code="18" name="3">
      <node ref="J2" pin="3"/>
      <node ref="U1" pin="18"/>
      <node ref="TP24" pin="1"/>
    </net>
    <net code="19" name="2">
      <node ref="J2" pin="2"/>
      <node ref="U1" pin="29"/>
      <node ref="TP23" pin="1"/>
    </net>
    <net code="20" name="1">
      <node ref="U1" pin="30"/>
      <node ref="TP22" pin="1"/>
      <node ref="J2" pin="1"/>
    </net>
    <net code="21" name="8">
      <node ref="TP21" pin="1"/>
      <node ref="J2" pin="8"/>
      <node ref="U1" pin="31"/>
    </net>
    <net code="22" name="25">
      <node ref="J2" pin="25"/>
      <node ref="U1" pin="35"/>
      <node ref="TP20" pin="1"/>
    </net>
    <net code="23" name="6">
      <node ref="TP19" pin="1"/>
      <node ref="U1" pin="38"/>
      <node ref="J2" pin="6"/>
    </net>
    <net code="24" name="Net-(U1-Pad50)">
      <node ref="U1" pin="50"/>
    </net>
    <net code="25" name="Net-(U1-Pad51)">
      <node ref="U1" pin="51"/>
    </net>
    <net code="26" name="Net-(U1-Pad52)">
      <node ref="U1" pin="52"/>
    </net>
    <net code="27" name="Net-(U1-Pad54)">
      <node ref="U1" pin="54"/>
    </net>
    <net code="28" name="D+">
      <node ref="TP28" pin="1"/>
      <node ref="U1" pin="8"/>
      <node ref="J1" pin="3"/>
    </net>
    <net code="29" name="D-">
      <node ref="J1" pin="2"/>
      <node ref="U1" pin="9"/>
      <node ref="TP27" pin="1"/>
    </net>
    <net code="30" name="13">
      <node ref="J2" pin="13"/>
      <node ref="TP11" pin="1"/>
      <node ref="U1" pin="23"/>
    </net>
    <net code="31" name="15">
      <node ref="U1" pin="24"/>
      <node ref="J2" pin="15"/>
      <node ref="TP10" pin="1"/>
    </net>
    <net code="32" name="17">
      <node ref="J2" pin="17"/>
      <node ref="U1" pin="25"/>
      <node ref="TP9" pin="1"/>
    </net>
    <net code="33" name="Net-(R26-Pad1)">
      <node ref="R26" pin="1"/>
      <node ref="TP8" pin="1"/>
      <node ref="U1" pin="44"/>
    </net>
    <net code="34" name="Net-(J2-Pad21)">
      <node ref="TP7" pin="1"/>
      <node ref="J2" pin="21"/>
      <node ref="R25" pin="2"/>
      <node ref="U1" pin="1"/>
    </net>
    <net code="35" name="11">
      <node ref="TP12" pin="1"/>
      <node ref="U1" pin="22"/>
      <node ref="J2" pin="11"/>
    </net>
    <net code="36" name="9">
      <node ref="J2" pin="9"/>
      <node ref="U1" pin="21"/>
      <node ref="TP13" pin="1"/>
    </net>
    <net code="37" name="7">
      <node ref="J2" pin="7"/>
      <node ref="U1" pin="20"/>
      <node ref="TP14" pin="1"/>
    </net>
    <net code="38" name="5">
      <node ref="J2" pin="5"/>
      <node ref="TP15" pin="1"/>
      <node ref="U1" pin="19"/>
    </net>
    <net code="39" name="SCL">
      <node ref="U1" pin="15"/>
      <node ref="R22" pin="2"/>
      <node ref="U4" pin="6"/>
      <node ref="TP26" pin="1"/>
    </net>
    <net code="40" name="Net-(J2-Pad4)">
      <node ref="R21" pin="2"/>
      <node ref="TP33" pin="1"/>
      <node ref="U1" pin="34"/>
      <node ref="J2" pin="4"/>
    </net>
    <net code="41" name="Net-(J3-Pad6)">
      <node ref="J3" pin="6"/>
    </net>
    <net code="42" name="Net-(J4-Pad4)">
      <node ref="J4" pin="4"/>
    </net>
    <net code="43" name="Net-(J4-Pad3)">
      <node ref="J4" pin="3"/>
    </net>
    <net code="44" name="Net-(J3-Pad5)">
      <node ref="J3" pin="5"/>
    </net>
    <net code="45" name="Net-(J3-Pad4)">
      <node ref="J3" pin="4"/>
    </net>
    <net code="46" name="Net-(J3-Pad3)">
      <node ref="J3" pin="3"/>
    </net>
    <net code="47" name="Net-(J3-Pad2)">
      <node ref="J3" pin="2"/>
    </net>
    <net code="48" name="Net-(J3-Pad1)">
      <node ref="J3" pin="1"/>
    </net>
    <net code="49" name="Net-(C19-Pad2)">
      <node ref="C19" pin="2"/>
      <node ref="U2" pin="3"/>
    </net>
    <net code="50" name="Net-(U2-Pad6)">
      <node ref="U2" pin="6"/>
    </net>
    <net code="51" name="Net-(U2-Pad7)">
      <node ref="U2" pin="7"/>
    </net>
    <net code="52" name="Net-(C1-Pad2)">
      <node ref="C1" pin="2"/>
      <node ref="J1" pin="4"/>
    </net>
    <net code="53" name="Net-(J1-Pad1)">
      <node ref="J1" pin="1"/>
      <node ref="J5" pin="2"/>
      <node ref="R6" pin="2"/>
    </net>
    <net code="54" name="Net-(C20-Pad1)">
      <node ref="U2" pin="8"/>
      <node ref="C20" pin="1"/>
      <node ref="J5" pin="1"/>
      <node ref="J4" pin="1"/>
    </net>
    <net code="55" name="Net-(R6-Pad1)">
      <node ref="R7" pin="2"/>
      <node ref="R6" pin="1"/>
      <node ref="U2" pin="5"/>
    </net>
    <net code="56" name="Net-(J1-Pad5)">
      <node ref="R10" pin="2"/>
      <node ref="J1" pin="5"/>
    </net>
    <net code="57" name="Net-(U3-Pad4)">
      <node ref="U3" pin="4"/>
    </net>
    <net code="58" name="Net-(C18-Pad1)">
      <node ref="C18" pin="1"/>
      <node ref="U3" pin="5"/>
    </net>
    <net code="59" name="Net-(J2-Pad19)">
      <node ref="R24" pin="2"/>
      <node ref="TP32" pin="1"/>
      <node ref="U1" pin="33"/>
      <node ref="J2" pin="19"/>
    </net>
  </nets>
</export>
